ticker,event_date,event_type,move_pct,prior_close,event_close,catalyst,label,notes
WOLF,2026-02-18,control,,,,,control,
WOLF,2024-04-16,control,,,,,control,
WOLF,2024-03-05,control,,,,,control,
WOLF,2026-09-02,control,,,,,control,
WOLF,2024-07-11,control,,,,,control,
WOLF,2024-06-26,control,,,,,control,
WOLF,2024-06-17,control,,,,,control,
WOLF,2024-05-09,control,,,,,control,
WOLF,2024-04-11,control,,,,,control,
WOLF,2026-03-17,control,,,,,control,
WOLF,2025-12-22,control,,,,,control,
WOLF,2024-04-03,control,,,,,control,
WOLF,2026-01-15,control,,,,,control,
WOLF,2025-08-20,control,,,,,control,
WOLF,2024-03-07,control,,,,,control,
WOLF,2024-03-06,control,,,,,control,
WOLF,2024-04-04,control,,,,,control,
WOLF,2024-06-12,control,,,,,control,
WOLF,2024-06-21,control,,,,,control,
WOLF,2025-12-03,control,,,,,control,
WOLF,2026-01-21,control,,,,,control,
WOLF,2026-09-15,control,,,,,control,
WOLF,2025-12-29,control,,,,,control,
WOLF,2024-06-04,control,,,,,control,
WOLF,2026-02-23,control,,,,,control,
WOLF,2026-08-25,control,,,,,control,
WOLF,2025-08-18,control,,,,,control,
WOLF,2024-06-13,control,,,,,control,
WOLF,2025-10-28,control,,,,,control,
WOLF,2026-01-14,control,,,,,control,
WOLF,2024-07-12,control,,,,,control,
WOLF,2024-02-22,control,,,,,control,
WOLF,2024-05-16,control,,,,,control,
WOLF,2026-07-14,control,,,,,control,
WOLF,2024-09-10,control,,,,,control,
WOLF,2026-02-20,control,,,,,control,
WOLF,2024-05-15,control,,,,,control,
WOLF,2026-07-06,control,,,,,control,
WOLF,2024-09-04,control,,,,,control,
WOLF,2026-08-28,control,,,,,control,
WOLF,2026-07-08,control,,,,,control,
WOLF,2025-02-06,control,,,,,control,
WOLF,2024-04-05,control,,,,,control,
WOLF,2024-12-24,control,,,,,control,
WOLF,2024-12-17,control,,,,,control,
WOLF,2024-07-05,control,,,,,control,
WOLF,2024-03-12,control,,,,,control,
WOLF,2025-11-07,control,,,,,control,
WOLF,2025-12-18,control,,,,,control,
WOLF,2024-04-30,control,,,,,control,
WOLF,2025-02-05,control,,,,,control,
WOLF,2024-03-28,control,,,,,control,
WOLF,2025-12-24,control,,,,,control,
WOLF,2024-07-22,control,,,,,control,
WOLF,2024-12-26,control,,,,,control,
WOLF,2024-06-03,control,,,,,control,
WOLF,2024-03-22,control,,,,,control,
WOLF,2026-01-12,control,,,,,control,
WOLF,2024-06-18,control,,,,,control,
WOLF,2024-07-18,control,,,,,control,
WOLF,2025-12-30,control,,,,,control,
WOLF,2026-03-24,control,,,,,control,
WOLF,2024-04-08,control,,,,,control,
WOLF,2026-03-20,control,,,,,control,
WOLF,2026-02-03,control,,,,,control,
WOLF,2025-10-31,control,,,,,control,
WOLF,2024-12-31,control,,,,,control,
WOLF,2024-05-17,control,,,,,control,
WOLF,2025-01-30,control,,,,,control,
WOLF,2024-05-28,control,,,,,control,
WOLF,2026-01-26,control,,,,,control,
WOLF,2024-08-29,control,,,,,control,
WOLF,2024-05-08,control,,,,,control,
WOLF,2024-12-19,control,,,,,control,
WOLF,2025-11-11,control,,,,,control,
WOLF,2026-02-04,control,,,,,control,
WOLF,2024-08-20,control,,,,,control,
WOLF,2024-03-08,control,,,,,control,
WOLF,2024-07-25,control,,,,,control,
WOLF,2024-08-19,control,,,,,control,
WOLF,2024-04-01,control,,,,,control,
WOLF,2024-07-08,control,,,,,control,
FCEL,2025-08-05,control,,,,,control,
FCEL,2024-08-12,control,,,,,control,
FCEL,2024-06-26,control,,,,,control,
FCEL,2025-01-29,control,,,,,control,
FCEL,2024-10-22,control,,,,,control,
FCEL,2024-08-29,control,,,,,control,
FCEL,2026-08-24,control,,,,,control,
FCEL,2025-04-23,control,,,,,control,
FCEL,2025-07-16,control,,,,,control,
FCEL,2025-03-19,control,,,,,control,
FCEL,2024-07-30,control,,,,,control,
FCEL,2025-07-15,control,,,,,control,
FCEL,2024-09-30,control,,,,,control,
FCEL,2026-01-15,control,,,,,control,
FCEL,2025-08-20,control,,,,,control,
FCEL,2025-08-25,control,,,,,control,
FCEL,2024-03-18,control,,,,,control,
FCEL,2024-08-02,control,,,,,control,
FCEL,2026-01-08,control,,,,,control,
FCEL,2024-03-06,control,,,,,control,
FCEL,2025-12-01,control,,,,,control,
FCEL,2024-09-25,control,,,,,control,
FCEL,2024-12-10,control,,,,,control,
FCEL,2024-08-28,control,,,,,control,
FCEL,2024-03-21,control,,,,,control,
FCEL,2024-07-26,control,,,,,control,
FCEL,2025-03-24,control,,,,,control,
FCEL,2025-07-30,control,,,,,control,
FCEL,2026-03-18,control,,,,,control,
FCEL,2026-03-11,control,,,,,control,
FCEL,2025-04-30,control,,,,,control,
FCEL,2025-02-14,control,,,,,control,
FCEL,2024-10-30,control,,,,,control,
FCEL,2025-04-24,control,,,,,control,
FCEL,2025-01-24,control,,,,,control,
FCEL,2024-06-17,control,,,,,control,
FCEL,2024-08-27,control,,,,,control,
FCEL,2024-06-12,control,,,,,control,
FCEL,2024-08-13,control,,,,,control,
FCEL,2025-08-12,control,,,,,control,
FCEL,2025-03-20,control,,,,,control,
FCEL,2025-03-10,control,,,,,control,
FCEL,2026-01-05,control,,,,,control,
FCEL,2025-08-13,control,,,,,control,
FCEL,2025-03-28,control,,,,,control,
FCEL,2024-12-31,control,,,,,control,
FCEL,2025-11-19,control,,,,,control,
FCEL,2026-03-17,control,,,,,control,
FCEL,2024-10-14,control,,,,,control,
FCEL,2026-08-17,control,,,,,control,
FCEL,2025-12-03,control,,,,,control,
FCEL,2025-02-20,control,,,,,control,
FCEL,2025-02-12,control,,,,,control,
FCEL,2024-04-05,control,,,,,control,
FCEL,2024-03-13,control,,,,,control,
FCEL,2024-04-16,control,,,,,control,
RXRX,2024-07-25,control,,,,,control,
RXRX,2026-04-16,control,,,,,control,
RXRX,2024-07-30,control,,,,,control,
RXRX,2026-09-16,control,,,,,control,
RXRX,2026-06-02,control,,,,,control,
RXRX,2025-09-04,control,,,,,control,
RXRX,2026-03-18,control,,,,,control,
RXRX,2024-04-23,control,,,,,control,
RXRX,2025-08-04,control,,,,,control,
RXRX,2025-07-31,control,,,,,control,
RXRX,2025-11-18,control,,,,,control,
RXRX,2026-01-15,control,,,,,control,
RXRX,2024-10-25,control,,,,,control,
RXRX,2026-02-10,control,,,,,control,
RXRX,2024-03-05,control,,,,,control,
RXRX,2026-07-09,control,,,,,control,
RXRX,2024-06-10,control,,,,,control,
RXRX,2026-06-03,control,,,,,control,
BE,2026-02-17,control,,,,,control,
BE,2024-12-31,control,,,,,control,
BE,2026-10-07,control,,,,,control,
BE,2025-03-24,control,,,,,control,
BE,2024-06-27,control,,,,,control,
BE,2025-02-04,control,,,,,control,
BE,2025-06-23,control,,,,,control,
BE,2024-08-16,control,,,,,control,
BE,2025-08-26,control,,,,,control,
BE,2024-02-22,control,,,,,control,
BE,2024-12-26,control,,,,,control,
BE,2025-12-31,control,,,,,control,
BE,2024-09-05,control,,,,,control,
BE,2026-01-12,control,,,,,control,
BE,2024-06-20,control,,,,,control,
BE,2026-09-22,control,,,,,control,
BE,2025-02-06,control,,,,,control,
BE,2026-10-06,control,,,,,control,
BE,2026-08-31,control,,,,,control,
BE,2024-09-23,control,,,,,control,
BE,2024-08-14,control,,,,,control,
BE,2025-04-25,control,,,,,control,
BE,2024-08-20,control,,,,,control,
BE,2026-02-24,control,,,,,control,
APLD,2026-04-20,control,,,,,control,
APLD,2024-02-20,control,,,,,control,
APLD,2026-06-26,control,,,,,control,
APLD,2025-03-18,control,,,,,control,
APLD,2026-03-02,control,,,,,control,
APLD,2024-03-01,control,,,,,control,
APLD,2024-04-30,control,,,,,control,
APLD,2025-06-30,control,,,,,control,
APLD,2025-03-07,control,,,,,control,
APLD,2024-10-24,control,,,,,control,
APLD,2024-03-27,control,,,,,control,
APLD,2026-09-21,control,,,,,control,
APLD,2026-06-09,control,,,,,control,
APLD,2024-04-11,control,,,,,control,
APLD,2024-04-16,control,,,,,control,
APLD,2026-02-27,control,,,,,control,
APLD,2024-04-04,control,,,,,control,
APLD,2026-04-21,control,,,,,control,
APLD,2024-05-10,control,,,,,control,
APLD,2026-08-31,control,,,,,control,
APLD,2026-02-23,control,,,,,control,
APLD,2026-04-28,control,,,,,control,
APLD,2024-07-08,control,,,,,control,
APLD,2024-12-05,control,,,,,control,
APLD,2026-10-06,control,,,,,control,
APLD,2026-06-30,control,,,,,control,
APLD,2025-10-30,control,,,,,control,
APLD,2024-10-03,control,,,,,control,
APLD,2026-04-24,control,,,,,control,
APLD,2024-09-30,control,,,,,control,
APLD,2025-03-11,control,,,,,control,
APLD,2025-09-02,control,,,,,control,
APLD,2025-07-08,control,,,,,control,
APLD,2025-11-14,control,,,,,control,
APLD,2026-04-15,control,,,,,control,
APLD,2025-11-19,control,,,,,control,
APLD,2024-05-03,control,,,,,control,
APLD,2024-10-28,control,,,,,control,
APLD,2024-10-15,control,,,,,control,
APLD,2024-04-01,control,,,,,control,
APLD,2025-03-31,control,,,,,control,
APLD,2024-03-04,control,,,,,control,
APLD,2026-04-29,control,,,,,control,
APLD,2024-10-17,control,,,,,control,
CORZ,2026-01-27,control,,,,,control,
CORZ,2024-12-19,control,,,,,control,
CORZ,2024-02-28,control,,,,,control,
CORZ,2024-06-27,control,,,,,control,
CORZ,2026-05-20,control,,,,,control,
CORZ,2026-03-12,control,,,,,control,
CORZ,2024-05-06,control,,,,,control,
CORZ,2024-12-30,control,,,,,control,
CORZ,2024-06-21,control,,,,,control,
CORZ,2024-04-03,control,,,,,control,
CORZ,2025-05-14,control,,,,,control,
CORZ,2025-11-20,control,,,,,control,
BBAI,2024-07-19,control,,,,,control,
BBAI,2024-09-06,control,,,,,control,
BBAI,2026-06-18,control,,,,,control,
BBAI,2026-01-16,control,,,,,control,
BBAI,2024-07-08,control,,,,,control,
BBAI,2026-03-16,control,,,,,control,
BBAI,2024-05-28,control,,,,,control,
BBAI,2026-07-14,control,,,,,control,
BBAI,2026-09-17,control,,,,,control,
BBAI,2026-05-01,control,,,,,control,
BBAI,2026-05-04,control,,,,,control,
BBAI,2026-01-13,control,,,,,control,
BBAI,2024-07-23,control,,,,,control,
BBAI,2026-08-11,control,,,,,control,
BBAI,2026-09-22,control,,,,,control,
BBAI,2026-08-19,control,,,,,control,
BBAI,2025-08-25,control,,,,,control,
BBAI,2024-06-26,control,,,,,control,
BBAI,2024-05-07,control,,,,,control,
BBAI,2026-09-11,control,,,,,control,
BBAI,2026-06-15,control,,,,,control,
BBAI,2025-12-22,control,,,,,control,
BBAI,2025-03-04,control,,,,,control,
BBAI,2025-08-29,control,,,,,control,
BBAI,2025-08-26,control,,,,,control,
BBAI,2026-01-09,control,,,,,control,
BBAI,2026-07-15,control,,,,,control,
BBAI,2024-04-11,control,,,,,control,
BBAI,2026-06-22,control,,,,,control,
BBAI,2026-06-12,control,,,,,control,
BBAI,2026-06-10,control,,,,,control,
BBAI,2024-05-08,control,,,,,control,
BBAI,2024-04-16,control,,,,,control,
BBAI,2025-08-22,control,,,,,control,
BBAI,2026-08-28,control,,,,,control,
BBAI,2024-10-29,control,,,,,control,
BBAI,2024-05-15,control,,,,,control,
BBAI,2024-07-24,control,,,,,control,
BBAI,2024-06-28,control,,,,,control,
BBAI,2026-09-14,control,,,,,control,
BBAI,2026-03-13,control,,,,,control,
BBAI,2025-12-29,control,,,,,control,
BBAI,2024-05-30,control,,,,,control,
BBAI,2026-09-03,control,,,,,control,
BBAI,2024-06-18,control,,,,,control,
BBAI,2026-10-06,control,,,,,control,
BBAI,2026-01-08,control,,,,,control,
BBAI,2026-08-13,control,,,,,control,
BBAI,2024-04-25,control,,,,,control,
BBAI,2025-12-26,control,,,,,control,
BBAI,2026-04-17,control,,,,,control,
BBAI,2026-08-21,control,,,,,control,
BBAI,2024-04-10,control,,,,,control,
BBAI,2026-06-11,control,,,,,control,
BBAI,2026-09-30,control,,,,,control,
BBAI,2024-03-22,control,,,,,control,
BBAI,2024-05-06,control,,,,,control,
BBAI,2026-10-07,control,,,,,control,
BLNK,2024-08-14,control,,,,,control,
BLNK,2025-04-17,control,,,,,control,
BLNK,2025-07-16,control,,,,,control,
BLNK,2025-07-14,control,,,,,control,
BLNK,2024-09-27,control,,,,,control,
BLNK,2025-04-09,control,,,,,control,
BLNK,2024-04-19,control,,,,,control,
BLNK,2024-08-12,control,,,,,control,
BLNK,2025-03-19,control,,,,,control,
BLNK,2024-02-22,control,,,,,control,
BLNK,2025-03-27,control,,,,,control,
BLNK,2024-11-20,control,,,,,control,
BLNK,2025-05-30,control,,,,,control,
BLNK,2024-12-10,control,,,,,control,
CHPT,2025-05-20,control,,,,,control,
CHPT,2026-03-02,control,,,,,control,
CHPT,2026-03-30,control,,,,,control,
CHPT,2026-06-22,control,,,,,control,
CHPT,2025-09-24,control,,,,,control,
CHPT,2026-01-27,control,,,,,control,
CHPT,2026-03-18,control,,,,,control,
CHPT,2025-07-23,control,,,,,control,
CIFR,2024-08-16,control,,,,,control,
CIFR,2024-10-10,control,,,,,control,
CIFR,2025-07-17,control,,,,,control,
CIFR,2024-11-25,control,,,,,control,
CIFR,2024-05-22,control,,,,,control,
CIFR,2026-08-27,control,,,,,control,
CIFR,2026-06-22,control,,,,,control,
CIFR,2024-05-24,control,,,,,control,
CIFR,2025-07-25,control,,,,,control,
CIFR,2026-09-30,control,,,,,control,
CIFR,2024-05-20,control,,,,,control,
CIFR,2026-08-31,control,,,,,control,
CIFR,2026-04-07,control,,,,,control,
CIFR,2026-05-20,control,,,,,control,
CIFR,2026-06-04,control,,,,,control,
CIFR,2024-08-19,control,,,,,control,
CIFR,2026-09-22,control,,,,,control,
CIFR,2026-05-26,control,,,,,control,
CIFR,2024-06-05,control,,,,,control,
CIFR,2024-10-09,control,,,,,control,
CIFR,2024-05-30,control,,,,,control,
CIFR,2026-08-19,control,,,,,control,
CIFR,2025-02-26,control,,,,,control,
CIFR,2026-01-21,control,,,,,control,
CIFR,2024-06-26,control,,,,,control,
CIFR,2025-03-04,control,,,,,control,
CIFR,2024-05-14,control,,,,,control,
CIFR,2026-08-26,control,,,,,control,
CIFR,2026-02-26,control,,,,,control,
CIFR,2026-06-01,control,,,,,control,
CIFR,2026-09-23,control,,,,,control,
CIFR,2025-03-12,control,,,,,control,
CIFR,2024-10-18,control,,,,,control,
CIFR,2026-09-04,control,,,,,control,
CIFR,2025-02-27,control,,,,,control,
CIFR,2025-03-14,control,,,,,control,
CIFR,2026-01-15,control,,,,,control,
CIFR,2024-07-30,control,,,,,control,
CIFR,2025-07-18,control,,,,,control,
CIFR,2025-02-19,control,,,,,control,
CIFR,2026-09-02,control,,,,,control,
CIFR,2026-03-27,control,,,,,control,
CIFR,2026-01-06,control,,,,,control,
CIFR,2026-04-01,control,,,,,control,
CLSK,2024-06-24,control,,,,,control,
CLSK,2024-04-15,control,,,,,control,
CLSK,2026-04-01,control,,,,,control,
CLSK,2026-09-02,control,,,,,control,
CLSK,2024-08-20,control,,,,,control,
CLSK,2026-06-26,control,,,,,control,
CLSK,2025-02-18,control,,,,,control,
CLSK,2026-05-21,control,,,,,control,
CLSK,2025-06-12,control,,,,,control,
CLSK,2024-09-25,control,,,,,control,
CLSK,2025-08-27,control,,,,,control,
CLSK,2024-06-18,control,,,,,control,
CLSK,2025-05-20,control,,,,,control,
CLSK,2025-10-27,control,,,,,control,
CLSK,2025-07-03,control,,,,,control,
CLSK,2024-12-12,control,,,,,control,
CLSK,2026-03-12,control,,,,,control,
CLSK,2026-07-10,control,,,,,control,
CLSK,2025-07-21,control,,,,,control,
CLSK,2026-06-17,control,,,,,control,
CLSK,2026-08-21,control,,,,,control,
CLSK,2025-07-18,control,,,,,control,
CLSK,2024-08-26,control,,,,,control,
CLSK,2024-09-27,control,,,,,control,
IONQ,2025-06-23,control,,,,,control,
IONQ,2024-06-06,control,,,,,control,
IONQ,2024-05-30,control,,,,,control,
IONQ,2026-09-21,control,,,,,control,
IONQ,2024-07-16,control,,,,,control,
IONQ,2025-07-07,control,,,,,control,
IONQ,2025-07-15,control,,,,,control,
IONQ,2025-02-05,control,,,,,control,
IONQ,2025-11-07,control,,,,,control,
IONQ,2024-09-10,control,,,,,control,
IONQ,2026-07-31,control,,,,,control,
IONQ,2026-07-14,control,,,,,control,
IONQ,2025-06-11,control,,,,,control,
IONQ,2024-04-10,control,,,,,control,
IONQ,2024-05-20,control,,,,,control,
IONQ,2026-02-09,control,,,,,control,
IONQ,2025-07-09,control,,,,,control,
IONQ,2024-04-03,control,,,,,control,
IONQ,2024-02-21,control,,,,,control,
IONQ,2025-08-28,control,,,,,control,
IONQ,2024-06-17,control,,,,,control,
IONQ,2025-06-20,control,,,,,control,
IONQ,2024-07-25,control,,,,,control,
IONQ,2026-03-25,control,,,,,control,
IONQ,2026-09-18,control,,,,,control,
IONQ,2026-02-11,control,,,,,control,
IONQ,2026-09-28,control,,,,,control,
IONQ,2024-02-27,control,,,,,control,
IONQ,2024-06-04,control,,,,,control,
IONQ,2024-05-02,control,,,,,control,
IONQ,2024-07-05,control,,,,,control,
IONQ,2026-09-14,control,,,,,control,
IONQ,2024-03-26,control,,,,,control,
IONQ,2025-12-09,control,,,,,control,
IONQ,2024-07-03,control,,,,,control,
IONQ,2026-03-16,control,,,,,control,
IONQ,2024-06-14,control,,,,,control,
IONQ,2024-04-01,control,,,,,control,
ACHR,2025-05-29,control,,,,,control,
ACHR,2025-07-30,control,,,,,control,
ACHR,2024-03-26,control,,,,,control,
ACHR,2025-07-24,control,,,,,control,
ACHR,2024-09-20,control,,,,,control,
ACHR,2026-06-08,control,,,,,control,
ACHR,2025-01-22,control,,,,,control,
ACHR,2026-05-26,control,,,,,control,
ACHR,2024-05-13,control,,,,,control,
ACHR,2025-07-18,control,,,,,control,
ACHR,2026-02-24,control,,,,,control,
ACHR,2025-09-04,control,,,,,control,
ACHR,2026-04-16,control,,,,,control,
ACHR,2026-09-15,control,,,,,control,
ACHR,2024-08-02,control,,,,,control,
ACHR,2024-10-16,control,,,,,control,
ACHR,2024-08-08,control,,,,,control,
ACHR,2024-08-22,control,,,,,control,
ACHR,2025-09-09,control,,,,,control,
ACHR,2024-03-13,control,,,,,control,
ACHR,2024-08-23,control,,,,,control,
ACHR,2026-09-03,control,,,,,control,
ACHR,2025-06-27,control,,,,,control,
ACHR,2025-09-08,control,,,,,control,
AFRM,2026-07-21,control,,,,,control,
AFRM,2026-03-17,control,,,,,control,
AFRM,2026-09-15,control,,,,,control,
AFRM,2026-05-20,control,,,,,control,
AFRM,2026-07-28,control,,,,,control,
AFRM,2024-11-27,control,,,,,control,
AFRM,2024-12-16,control,,,,,control,
AFRM,2024-07-16,control,,,,,control,
AFRM,2026-07-10,control,,,,,control,
AFRM,2026-04-22,control,,,,,control,
ASTS,2024-11-26,control,,,,,control,
ASTS,2026-03-13,control,,,,,control,
ASTS,2024-04-22,control,,,,,control,
ASTS,2026-08-17,control,,,,,control,
ASTS,2025-06-12,control,,,,,control,
ASTS,2025-05-22,control,,,,,control,
ASTS,2026-08-10,control,,,,,control,
ASTS,2026-01-29,control,,,,,control,
ASTS,2025-09-10,control,,,,,control,
ASTS,2026-04-24,control,,,,,control,
ASTS,2026-04-07,control,,,,,control,
ASTS,2026-06-09,control,,,,,control,
ASTS,2024-12-02,control,,,,,control,
ASTS,2024-11-29,control,,,,,control,
ASTS,2024-03-04,control,,,,,control,
ASTS,2025-11-05,control,,,,,control,
ASTS,2024-11-12,control,,,,,control,
ASTS,2026-09-29,control,,,,,control,
ASTS,2025-03-20,control,,,,,control,
ASTS,2024-12-24,control,,,,,control,
ASTS,2026-06-04,control,,,,,control,
ASTS,2024-04-18,control,,,,,control,
ASTS,2026-03-19,control,,,,,control,
ASTS,2026-08-26,control,,,,,control,
ASTS,2025-04-29,control,,,,,control,
ASTS,2025-10-29,control,,,,,control,
ASTS,2025-07-23,control,,,,,control,
ASTS,2026-08-31,control,,,,,control,
ASTS,2025-11-18,control,,,,,control,
ASTS,2026-05-13,control,,,,,control,
ASTS,2025-08-04,control,,,,,control,
ASTS,2026-08-27,control,,,,,control,
ASTS,2024-03-05,control,,,,,control,
ASTS,2024-07-02,control,,,,,control,
ASTS,2026-06-10,control,,,,,control,
ASTS,2024-12-16,control,,,,,control,
ENPH,2024-07-30,control,,,,,control,
ENPH,2025-08-01,control,,,,,control,
ENPH,2026-09-16,control,,,,,control,
ENPH,2026-10-01,control,,,,,control,
HIMS,2025-01-07,control,,,,,control,
HIMS,2024-03-25,control,,,,,control,
HIMS,2024-06-21,control,,,,,control,
HIMS,2026-06-04,control,,,,,control,
HIMS,2025-11-25,control,,,,,control,
HIMS,2025-07-02,control,,,,,control,
HIMS,2025-05-29,control,,,,,control,
HIMS,2025-11-26,control,,,,,control,
HIMS,2026-06-17,control,,,,,control,
HIMS,2026-02-03,control,,,,,control,
HIMS,2024-07-02,control,,,,,control,
HIMS,2025-09-08,control,,,,,control,
HIMS,2026-05-15,control,,,,,control,
HIMS,2024-09-10,control,,,,,control,
HIMS,2024-12-24,control,,,,,control,
HIMS,2024-03-28,control,,,,,control,
HIMS,2026-09-30,control,,,,,control,
HIMS,2024-02-20,control,,,,,control,
HIMS,2026-02-13,control,,,,,control,
HIMS,2026-04-01,control,,,,,control,
HIMS,2026-09-14,control,,,,,control,
HIMS,2026-09-01,control,,,,,control,
IREN,2025-04-04,control,,,,,control,
IREN,2025-11-18,control,,,,,control,
IREN,2026-02-26,control,,,,,control,
IREN,2024-08-27,control,,,,,control,
IREN,2025-10-01,control,,,,,control,
IREN,2025-08-07,control,,,,,control,
IREN,2024-12-31,control,,,,,control,
IREN,2025-07-24,control,,,,,control,
IREN,2026-06-23,control,,,,,control,
IREN,2025-08-01,control,,,,,control,
IREN,2026-01-21,control,,,,,control,
IREN,2025-09-25,control,,,,,control,
IREN,2026-01-09,control,,,,,control,
IREN,2025-07-22,control,,,,,control,
IREN,2026-09-25,control,,,,,control,
IREN,2025-01-07,control,,,,,control,
IREN,2025-03-31,control,,,,,control,
IREN,2026-02-11,control,,,,,control,
IREN,2025-12-09,control,,,,,control,
IREN,2025-03-04,control,,,,,control,
IREN,2025-07-25,control,,,,,control,
IREN,2026-01-14,control,,,,,control,
JOBY,2026-02-17,control,,,,,control,
JOBY,2024-02-20,control,,,,,control,
JOBY,2025-03-12,control,,,,,control,
JOBY,2025-02-25,control,,,,,control,
JOBY,2024-09-06,control,,,,,control,
JOBY,2025-10-27,control,,,,,control,
JOBY,2026-03-12,control,,,,,control,
JOBY,2026-04-02,control,,,,,control,
JOBY,2026-06-17,control,,,,,control,
JOBY,2025-04-28,control,,,,,control,
JOBY,2025-12-02,control,,,,,control,
JOBY,2025-11-07,control,,,,,control,
JOBY,2026-07-08,control,,,,,control,
JOBY,2024-09-10,control,,,,,control,
JOBY,2026-01-13,control,,,,,control,
JOBY,2025-12-10,control,,,,,control,
JOBY,2026-09-02,control,,,,,control,
JOBY,2024-08-05,control,,,,,control,
JOBY,2026-06-23,control,,,,,control,
JOBY,2024-04-23,control,,,,,control,
NIO,2024-12-06,control,,,,,control,
NIO,2025-07-30,control,,,,,control,
NIO,2025-12-15,control,,,,,control,
NIO,2025-11-19,control,,,,,control,
QUBT,2026-01-06,control,,,,,control,
QUBT,2024-10-01,control,,,,,control,
QUBT,2024-05-06,control,,,,,control,
QUBT,2026-07-31,control,,,,,control,
QUBT,2026-09-29,control,,,,,control,
QUBT,2026-06-23,control,,,,,control,
QUBT,2024-08-15,control,,,,,control,
QUBT,2026-03-06,control,,,,,control,
QUBT,2024-09-23,control,,,,,control,
QUBT,2024-08-09,control,,,,,control,
QUBT,2026-07-22,control,,,,,control,
QUBT,2024-07-25,control,,,,,control,
QUBT,2024-05-30,control,,,,,control,
QUBT,2024-04-03,control,,,,,control,
QUBT,2024-04-11,control,,,,,control,
QUBT,2024-08-19,control,,,,,control,
QUBT,2025-08-12,control,,,,,control,
QUBT,2025-12-30,control,,,,,control,
QUBT,2026-08-14,control,,,,,control,
QUBT,2026-07-02,control,,,,,control,
QUBT,2024-04-26,control,,,,,control,
QUBT,2025-08-01,control,,,,,control,
QUBT,2025-07-10,control,,,,,control,
QUBT,2026-09-02,control,,,,,control,
QUBT,2026-01-09,control,,,,,control,
QUBT,2025-12-08,control,,,,,control,
QUBT,2024-07-22,control,,,,,control,
QUBT,2026-03-24,control,,,,,control,
QUBT,2026-03-16,control,,,,,control,
QUBT,2025-04-14,control,,,,,control,
QUBT,2025-08-20,control,,,,,control,
QUBT,2025-07-01,control,,,,,control,
QUBT,2026-09-15,control,,,,,control,
QUBT,2026-09-21,control,,,,,control,
QUBT,2026-01-22,control,,,,,control,
QUBT,2026-03-12,control,,,,,control,
QUBT,2024-02-22,control,,,,,control,
QUBT,2026-09-30,control,,,,,control,
QUBT,2026-07-06,control,,,,,control,
QUBT,2024-05-10,control,,,,,control,
QUBT,2026-07-09,control,,,,,control,
QUBT,2025-07-18,control,,,,,control,
QUBT,2024-08-08,control,,,,,control,
QUBT,2024-06-14,control,,,,,control,
QUBT,2026-07-21,control,,,,,control,
QUBT,2026-08-25,control,,,,,control,
QUBT,2025-09-02,control,,,,,control,
QUBT,2025-08-07,control,,,,,control,
QUBT,2024-04-16,control,,,,,control,
QUBT,2025-11-21,control,,,,,control,
QUBT,2024-08-20,control,,,,,control,
QUBT,2024-05-21,control,,,,,control,
QUBT,2026-09-04,control,,,,,control,
QUBT,2024-05-24,control,,,,,control,
QUBT,2026-07-16,control,,,,,control,
QUBT,2026-02-26,control,,,,,control,
QUBT,2025-10-24,control,,,,,control,
QUBT,2025-11-25,control,,,,,control,
QUBT,2025-12-18,control,,,,,control,
QUBT,2024-09-25,control,,,,,control,
RIOT,2025-10-14,control,,,,,control,
RIOT,2026-06-29,control,,,,,control,
RIOT,2025-12-22,control,,,,,control,
RIOT,2025-09-30,control,,,,,control,
RIOT,2026-04-01,control,,,,,control,
RIOT,2025-10-17,control,,,,,control,
RIOT,2024-09-27,control,,,,,control,
RIOT,2025-11-25,control,,,,,control,
RIOT,2025-10-29,control,,,,,control,
RIOT,2025-03-27,control,,,,,control,
RIOT,2025-03-12,control,,,,,control,
RIOT,2026-08-27,control,,,,,control,
RIOT,2025-04-21,control,,,,,control,
RIOT,2026-02-26,control,,,,,control,
RIOT,2025-12-04,control,,,,,control,
RIOT,2026-07-14,control,,,,,control,
RIOT,2025-02-27,control,,,,,control,
RIOT,2025-04-17,control,,,,,control,
LCID,2025-05-02,control,,,,,control,
LCID,2024-04-25,control,,,,,control,
LCID,2026-03-11,control,,,,,control,
LCID,2024-11-27,control,,,,,control,
LCID,2024-10-14,control,,,,,control,
LCID,2024-11-15,control,,,,,control,
LCID,2025-01-17,control,,,,,control,
LCID,2025-01-02,control,,,,,control,
LCID,2025-08-27,control,,,,,control,
LCID,2024-04-29,control,,,,,control,
LCID,2024-06-20,control,,,,,control,
LCID,2024-07-30,control,,,,,control,
LUNR,2024-07-19,control,,,,,control,
LUNR,2025-05-28,control,,,,,control,
LUNR,2025-11-07,control,,,,,control,
LUNR,2024-06-10,control,,,,,control,
LUNR,2025-11-12,control,,,,,control,
LUNR,2024-07-10,control,,,,,control,
LUNR,2024-05-01,control,,,,,control,
LUNR,2025-06-10,control,,,,,control,
LUNR,2025-06-05,control,,,,,control,
LUNR,2024-12-31,control,,,,,control,
LUNR,2025-08-29,control,,,,,control,
LUNR,2025-07-02,control,,,,,control,
LUNR,2026-09-25,control,,,,,control,
LUNR,2024-04-29,control,,,,,control,
LUNR,2024-07-08,control,,,,,control,
LUNR,2026-07-09,control,,,,,control,
LUNR,2025-06-11,control,,,,,control,
LUNR,2025-05-29,control,,,,,control,
LUNR,2026-08-25,control,,,,,control,
LUNR,2026-03-04,control,,,,,control,
LUNR,2025-09-16,control,,,,,control,
LUNR,2025-11-10,control,,,,,control,
LUNR,2024-04-11,control,,,,,control,
LUNR,2026-07-22,control,,,,,control,
LUNR,2026-08-11,control,,,,,control,
LUNR,2026-02-24,control,,,,,control,
LUNR,2025-09-12,control,,,,,control,
LUNR,2025-04-28,control,,,,,control,
LUNR,2025-07-08,control,,,,,control,
LUNR,2024-03-01,control,,,,,control,
LUNR,2025-02-18,control,,,,,control,
LUNR,2024-12-06,control,,,,,control,
LUNR,2026-01-15,control,,,,,control,
LUNR,2026-09-03,control,,,,,control,
LUNR,2026-07-20,control,,,,,control,
LUNR,2026-09-09,control,,,,,control,
OKLO,2025-10-30,control,,,,,control,
OKLO,2026-02-24,control,,,,,control,
OKLO,2026-08-12,control,,,,,control,
OKLO,2026-07-27,control,,,,,control,
OKLO,2026-02-26,control,,,,,control,
OKLO,2026-09-09,control,,,,,control,
OKLO,2026-04-01,control,,,,,control,
OKLO,2024-08-19,control,,,,,control,
OKLO,2026-01-15,control,,,,,control,
OKLO,2026-09-25,control,,,,,control,
OKLO,2024-12-16,control,,,,,control,
OKLO,2025-11-14,control,,,,,control,
OKLO,2026-09-24,control,,,,,control,
OKLO,2024-02-29,control,,,,,control,
OKLO,2025-08-18,control,,,,,control,
OKLO,2025-07-15,control,,,,,control,
OKLO,2026-06-18,control,,,,,control,
OKLO,2026-06-23,control,,,,,control,
OKLO,2025-08-25,control,,,,,control,
OKLO,2026-07-20,control,,,,,control,
OKLO,2024-07-19,control,,,,,control,
OKLO,2025-12-31,control,,,,,control,
OKLO,2024-07-02,control,,,,,control,
OKLO,2026-05-22,control,,,,,control,
OKLO,2026-02-23,control,,,,,control,
OKLO,2024-02-28,control,,,,,control,
OKLO,2025-08-20,control,,,,,control,
OKLO,2026-03-24,control,,,,,control,
OKLO,2026-03-11,control,,,,,control,
OKLO,2026-06-12,control,,,,,control,
OKLO,2026-08-17,control,,,,,control,
OKLO,2024-03-20,control,,,,,control,
OKLO,2026-06-01,control,,,,,control,
OKLO,2025-11-03,control,,,,,control,
OKLO,2024-07-08,control,,,,,control,
OKLO,2025-12-30,control,,,,,control,
OKLO,2024-07-29,control,,,,,control,
OKLO,2024-03-07,control,,,,,control,
OKLO,2024-12-11,control,,,,,control,
OKLO,2025-08-14,control,,,,,control,
OKLO,2025-07-09,control,,,,,control,
OKLO,2024-08-15,control,,,,,control,
OKLO,2025-12-24,control,,,,,control,
OKLO,2026-07-08,control,,,,,control,
OKLO,2026-09-29,control,,,,,control,
OKLO,2026-07-09,control,,,,,control,
OKLO,2024-12-18,control,,,,,control,
OKLO,2026-10-07,control,,,,,control,
OKLO,2024-09-04,control,,,,,control,
OKLO,2024-03-19,control,,,,,control,
OKLO,2026-01-07,control,,,,,control,
OKLO,2024-02-26,control,,,,,control,
OKLO,2026-02-25,control,,,,,control,
OKLO,2024-03-08,control,,,,,control,
OKLO,2025-07-22,control,,,,,control,
OKLO,2024-08-20,control,,,,,control,
OKLO,2024-03-14,control,,,,,control,
OKLO,2024-03-05,control,,,,,control,
OPEN,2024-03-22,control,,,,,control,
OPEN,2024-10-31,control,,,,,control,
OPEN,2024-09-16,control,,,,,control,
OPEN,2024-03-11,control,,,,,control,
OPEN,2026-06-23,control,,,,,control,
OPEN,2024-07-22,control,,,,,control,
OPEN,2024-10-24,control,,,,,control,
OPEN,2024-06-21,control,,,,,control,
OPEN,2026-01-13,control,,,,,control,
OPEN,2026-08-11,control,,,,,control,
OPEN,2024-06-10,control,,,,,control,
OPEN,2026-04-28,control,,,,,control,
OPEN,2024-10-04,control,,,,,control,
OPEN,2025-12-31,control,,,,,control,
OPEN,2026-09-09,control,,,,,control,
OPEN,2024-12-11,control,,,,,control,
OPEN,2025-04-01,control,,,,,control,
OPEN,2024-08-08,control,,,,,control,
OPEN,2026-06-09,control,,,,,control,
OPEN,2026-09-25,control,,,,,control,
OPEN,2024-07-31,control,,,,,control,
OPEN,2025-02-04,control,,,,,control,
OPEN,2024-06-04,control,,,,,control,
OPEN,2026-05-12,control,,,,,control,
OPEN,2024-03-15,control,,,,,control,
OPEN,2026-05-07,control,,,,,control,
OPEN,2026-08-17,control,,,,,control,
OPEN,2025-04-07,control,,,,,control,
OPEN,2025-05-30,control,,,,,control,
OPEN,2026-09-24,control,,,,,control,
OPEN,2024-09-13,control,,,,,control,
OPEN,2024-04-29,control,,,,,control,
OPEN,2026-05-21,control,,,,,control,
OPEN,2026-08-31,control,,,,,control,
OPEN,2026-06-26,control,,,,,control,
OPEN,2024-10-29,control,,,,,control,
PLUG,2024-07-02,control,,,,,control,
PLUG,2025-08-08,control,,,,,control,
PLUG,2026-10-05,control,,,,,control,
PLUG,2024-07-22,control,,,,,control,
PLUG,2026-09-08,control,,,,,control,
PLUG,2024-04-09,control,,,,,control,
PLUG,2025-11-06,control,,,,,control,
PLUG,2026-08-12,control,,,,,control,
PLUG,2026-03-30,control,,,,,control,
PLUG,2025-12-05,control,,,,,control,
PLUG,2024-06-03,control,,,,,control,
PLUG,2026-07-20,control,,,,,control,
PLUG,2025-10-31,control,,,,,control,
PLUG,2024-03-08,control,,,,,control,
PLUG,2026-03-24,control,,,,,control,
PLUG,2026-07-02,control,,,,,control,
PLUG,2024-07-08,control,,,,,control,
PLUG,2026-05-06,control,,,,,control,
PLUG,2025-11-26,control,,,,,control,
PLUG,2026-06-08,control,,,,,control,
PLUG,2024-08-23,control,,,,,control,
PLUG,2026-05-08,control,,,,,control,
PLUG,2024-09-19,control,,,,,control,
PLUG,2026-08-03,control,,,,,control,
PLUG,2025-03-25,control,,,,,control,
PLUG,2026-08-17,control,,,,,control,
PLUG,2026-06-29,control,,,,,control,
PLUG,2026-06-12,control,,,,,control,
PLUG,2026-05-12,control,,,,,control,
PLUG,2026-09-29,control,,,,,control,
PLUG,2025-03-24,control,,,,,control,
PLUG,2025-08-27,control,,,,,control,
MARA,2025-04-24,control,,,,,control,
MARA,2024-08-15,control,,,,,control,
MARA,2025-05-30,control,,,,,control,
MARA,2025-12-10,control,,,,,control,
MARA,2025-03-06,control,,,,,control,
MARA,2025-12-24,control,,,,,control,
MARA,2026-05-21,control,,,,,control,
MARA,2026-06-29,control,,,,,control,
MARA,2025-08-29,control,,,,,control,
MARA,2025-07-25,control,,,,,control,
MARA,2024-05-21,control,,,,,control,
MARA,2026-02-24,control,,,,,control,
MARA,2025-07-15,control,,,,,control,
MARA,2025-01-02,control,,,,,control,
MARA,2026-01-15,control,,,,,control,
MARA,2025-01-31,control,,,,,control,
MARA,2025-08-07,control,,,,,control,
MARA,2025-05-12,control,,,,,control,
MARA,2025-07-29,control,,,,,control,
MARA,2025-06-02,control,,,,,control,
MARA,2026-06-17,control,,,,,control,
MARA,2025-05-29,control,,,,,control,
NNE,2026-05-21,control,,,,,control,
NNE,2024-12-12,control,,,,,control,
NNE,2026-03-19,control,,,,,control,
NNE,2025-07-18,control,,,,,control,
NNE,2025-04-17,control,,,,,control,
NNE,2025-08-15,control,,,,,control,
NNE,2026-09-02,control,,,,,control,
NNE,2026-01-13,control,,,,,control,
NNE,2026-03-10,control,,,,,control,
NNE,2026-10-07,control,,,,,control,
NNE,2026-09-29,control,,,,,control,
NNE,2026-08-19,control,,,,,control,
NNE,2026-03-02,control,,,,,control,
NNE,2026-07-23,control,,,,,control,
NNE,2026-08-31,control,,,,,control,
NNE,2026-09-24,control,,,,,control,
NNE,2026-02-18,control,,,,,control,
NNE,2024-12-19,control,,,,,control,
NNE,2025-04-25,control,,,,,control,
NNE,2025-11-05,control,,,,,control,
NNE,2025-08-08,control,,,,,control,
NNE,2026-01-12,control,,,,,control,
NNE,2026-08-20,control,,,,,control,
NNE,2025-08-20,control,,,,,control,
NNE,2025-11-11,control,,,,,control,
NNE,2026-08-05,control,,,,,control,
NNE,2026-06-12,control,,,,,control,
NNE,2025-12-16,control,,,,,control,
NNE,2026-09-15,control,,,,,control,
NNE,2026-04-06,control,,,,,control,
NNE,2026-03-24,control,,,,,control,
NNE,2025-12-02,control,,,,,control,
NNE,2026-01-23,control,,,,,control,
NNE,2026-04-02,control,,,,,control,
NNE,2025-11-24,control,,,,,control,
NNE,2025-12-05,control,,,,,control,
NNE,2026-02-20,control,,,,,control,
NNE,2025-09-03,control,,,,,control,
NNE,2026-08-24,control,,,,,control,
NNE,2025-08-25,control,,,,,control,
NNE,2025-08-13,control,,,,,control,
NNE,2025-05-08,control,,,,,control,
NNE,2025-07-22,control,,,,,control,
NNE,2025-11-14,control,,,,,control,
NNE,2026-07-14,control,,,,,control,
NNE,2026-03-26,control,,,,,control,
NNE,2025-07-17,control,,,,,control,
NNE,2026-07-13,control,,,,,control,
NNE,2025-08-07,control,,,,,control,
NNE,2026-03-05,control,,,,,control,
NNE,2025-09-04,control,,,,,control,
NNE,2026-06-24,control,,,,,control,
NNE,2026-03-23,control,,,,,control,
NNE,2025-10-30,control,,,,,control,
NNE,2025-04-29,control,,,,,control,
NNE,2026-07-02,control,,,,,control,
NNE,2026-09-10,control,,,,,control,
NNE,2025-08-12,control,,,,,control,
NNE,2025-12-09,control,,,,,control,
NNE,2025-07-11,control,,,,,control,
NNE,2025-11-10,control,,,,,control,
NNE,2024-12-17,control,,,,,control,
NNE,2026-03-25,control,,,,,control,
NNE,2025-06-10,control,,,,,control,
NNE,2026-06-26,control,,,,,control,
NNE,2025-03-20,control,,,,,control,
NNE,2025-03-25,control,,,,,control,
NNE,2025-11-03,control,,,,,control,
NNE,2026-03-27,control,,,,,control,
NNE,2026-09-04,control,,,,,control,
QS,2024-05-15,control,,,,,control,
QS,2024-02-29,control,,,,,control,
QS,2026-02-23,control,,,,,control,
QS,2024-12-11,control,,,,,control,
QS,2025-11-18,control,,,,,control,
QS,2025-11-26,control,,,,,control,
QS,2025-06-10,control,,,,,control,
QS,2025-02-10,control,,,,,control,
QS,2024-08-26,control,,,,,control,
QS,2024-04-02,control,,,,,control,
QS,2024-11-18,control,,,,,control,
QS,2025-11-25,control,,,,,control,
QS,2024-05-23,control,,,,,control,
QS,2024-04-12,control,,,,,control,
QS,2025-05-01,control,,,,,control,
QS,2025-12-05,control,,,,,control,
QS,2024-04-19,control,,,,,control,
QS,2026-02-25,control,,,,,control,
QS,2026-04-13,control,,,,,control,
QS,2026-07-09,control,,,,,control,
QS,2024-04-03,control,,,,,control,
QS,2024-06-24,control,,,,,control,
QS,2024-06-21,control,,,,,control,
QS,2026-02-11,control,,,,,control,
QS,2025-01-13,control,,,,,control,
QS,2024-05-01,control,,,,,control,
QS,2024-11-14,control,,,,,control,
QS,2024-05-28,control,,,,,control,
RGTI,2026-03-24,control,,,,,control,
RGTI,2026-08-31,control,,,,,control,
RGTI,2025-11-07,control,,,,,control,
RGTI,2026-04-20,control,,,,,control,
RGTI,2026-04-13,control,,,,,control,
RGTI,2026-09-10,control,,,,,control,
RGTI,2026-04-27,control,,,,,control,
RGTI,2024-09-05,control,,,,,control,
RGTI,2026-09-03,control,,,,,control,
RGTI,2026-03-09,control,,,,,control,
RGTI,2025-08-21,control,,,,,control,
RGTI,2025-12-30,control,,,,,control,
RGTI,2025-12-24,control,,,,,control,
RGTI,2025-02-10,control,,,,,control,
RGTI,2026-04-09,control,,,,,control,
RGTI,2025-11-17,control,,,,,control,
RGTI,2025-02-14,control,,,,,control,
RGTI,2026-03-30,control,,,,,control,
RGTI,2026-09-29,control,,,,,control,
RGTI,2024-04-30,control,,,,,control,
RGTI,2026-04-22,control,,,,,control,
RGTI,2026-08-13,control,,,,,control,
RGTI,2024-05-22,control,,,,,control,
RGTI,2026-10-06,control,,,,,control,
RGTI,2024-08-27,control,,,,,control,
RGTI,2026-04-29,control,,,,,control,
RGTI,2024-08-29,control,,,,,control,
RGTI,2024-09-25,control,,,,,control,
RGTI,2026-06-26,control,,,,,control,
RGTI,2024-05-09,control,,,,,control,
RGTI,2024-07-19,control,,,,,control,
RGTI,2024-09-17,control,,,,,control,
RGTI,2024-07-29,control,,,,,control,
RGTI,2026-03-20,control,,,,,control,
RGTI,2024-05-08,control,,,,,control,
RGTI,2026-08-14,control,,,,,control,
RGTI,2024-02-20,control,,,,,control,
RGTI,2025-09-04,control,,,,,control,
RGTI,2026-09-22,control,,,,,control,
RGTI,2026-07-10,control,,,,,control,
RGTI,2026-10-01,control,,,,,control,
RGTI,2026-01-09,control,,,,,control,
RGTI,2025-02-06,control,,,,,control,
RGTI,2024-04-09,control,,,,,control,
RGTI,2024-09-13,control,,,,,control,
RGTI,2025-02-05,control,,,,,control,
RGTI,2024-10-03,control,,,,,control,
RGTI,2025-12-31,control,,,,,control,
RGTI,2024-05-06,control,,,,,control,
RGTI,2026-07-23,control,,,,,control,
RGTI,2026-08-25,control,,,,,control,
RGTI,2026-09-02,control,,,,,control,
RGTI,2026-09-16,control,,,,,control,
RGTI,2024-08-20,control,,,,,control,
RGTI,2025-11-14,control,,,,,control,
RGTI,2024-05-29,control,,,,,control,
RGTI,2026-03-18,control,,,,,control,
RGTI,2026-09-28,control,,,,,control,
RGTI,2024-06-11,control,,,,,control,
RGTI,2024-09-27,control,,,,,control,
RGTI,2024-06-07,control,,,,,control,
RGTI,2026-07-02,control,,,,,control,
RGTI,2026-09-09,control,,,,,control,
RGTI,2024-07-25,control,,,,,control,
RGTI,2026-09-14,control,,,,,control,
RGTI,2026-07-22,control,,,,,control,
RGTI,2026-09-11,control,,,,,control,
RGTI,2026-07-09,control,,,,,control,
RGTI,2025-12-19,control,,,,,control,
RGTI,2024-05-31,control,,,,,control,
RGTI,2026-01-08,control,,,,,control,
RGTI,2025-02-13,control,,,,,control,
RIVN,2026-03-11,control,,,,,control,
RIVN,2025-04-22,control,,,,,control,
RIVN,2024-11-20,control,,,,,control,
RIVN,2025-07-08,control,,,,,control,
RIVN,2025-08-07,control,,,,,control,
RIVN,2025-07-01,control,,,,,control,
RIVN,2025-05-20,control,,,,,control,
RIVN,2024-05-06,control,,,,,control,
RIVN,2025-09-25,control,,,,,control,
RIVN,2024-03-27,control,,,,,control,
RUN,2025-11-12,control,,,,,control,
RUN,2026-09-14,control,,,,,control,
RUN,2025-03-11,control,,,,,control,
RUN,2026-05-06,control,,,,,control,
RUN,2024-12-26,control,,,,,control,
RUN,2024-04-11,control,,,,,control,
RUN,2024-06-21,control,,,,,control,
RUN,2024-12-04,control,,,,,control,
RUN,2026-07-20,control,,,,,control,
RUN,2026-04-09,control,,,,,control,
RUN,2026-04-17,control,,,,,control,
RUN,2024-03-07,control,,,,,control,
RUN,2026-07-17,control,,,,,control,
RUN,2025-01-15,control,,,,,control,
RUN,2026-04-10,control,,,,,control,
RUN,2024-04-24,control,,,,,control,
RUN,2026-10-05,control,,,,,control,
RUN,2024-10-08,control,,,,,control,
RUN,2025-12-15,control,,,,,control,
RUN,2026-02-10,control,,,,,control,
SLDP,2026-04-15,control,,,,,control,
SLDP,2025-04-24,control,,,,,control,
SLDP,2024-10-28,control,,,,,control,
SLDP,2024-08-05,control,,,,,control,
SLDP,2026-02-18,control,,,,,control,
SLDP,2025-04-21,control,,,,,control,
SLDP,2026-03-30,control,,,,,control,
SLDP,2026-09-15,control,,,,,control,
SLDP,2025-09-09,control,,,,,control,
SLDP,2024-05-16,control,,,,,control,
SLDP,2025-05-20,control,,,,,control,
SLDP,2025-02-04,control,,,,,control,
SLDP,2025-03-27,control,,,,,control,
SLDP,2025-01-23,control,,,,,control,
SLDP,2024-12-04,control,,,,,control,
SLDP,2026-05-01,control,,,,,control,
SLDP,2024-05-29,control,,,,,control,
SLDP,2024-07-18,control,,,,,control,
SLDP,2025-01-16,control,,,,,control,
SLDP,2025-03-28,control,,,,,control,
SMR,2026-05-22,control,,,,,control,
SMR,2025-08-15,control,,,,,control,
SMR,2026-09-29,control,,,,,control,
SMR,2026-03-03,control,,,,,control,
SMR,2026-06-29,control,,,,,control,
SMR,2024-04-22,control,,,,,control,
SMR,2026-03-24,control,,,,,control,
SMR,2024-08-12,control,,,,,control,
SMR,2025-08-27,control,,,,,control,
SMR,2025-07-31,control,,,,,control,
SMR,2025-10-30,control,,,,,control,
SMR,2024-09-12,control,,,,,control,
SMR,2026-03-04,control,,,,,control,
SMR,2026-06-04,control,,,,,control,
SMR,2024-02-20,control,,,,,control,
SMR,2026-06-25,control,,,,,control,
SMR,2026-03-30,control,,,,,control,
SMR,2026-03-06,control,,,,,control,
SMR,2024-06-13,control,,,,,control,
SMR,2025-02-20,control,,,,,control,
SMR,2026-06-08,control,,,,,control,
SMR,2025-12-10,control,,,,,control,
SMR,2026-05-27,control,,,,,control,
SMR,2026-03-19,control,,,,,control,
SMR,2026-08-06,control,,,,,control,
SMR,2025-04-25,control,,,,,control,
SMR,2025-08-07,control,,,,,control,
SMR,2026-10-01,control,,,,,control,
SMR,2024-09-23,control,,,,,control,
SMR,2026-10-06,control,,,,,control,
SMR,2026-03-18,control,,,,,control,
SMR,2026-05-19,control,,,,,control,
SMR,2024-09-18,control,,,,,control,
SMR,2024-04-18,control,,,,,control,
SMR,2025-07-28,control,,,,,control,
SMR,2024-12-12,control,,,,,control,
SMR,2025-08-26,control,,,,,control,
SMR,2024-04-11,control,,,,,control,
SMR,2026-03-05,control,,,,,control,
SMR,2024-08-15,control,,,,,control,
SMR,2025-07-15,control,,,,,control,
SMR,2026-08-21,control,,,,,control,
SMR,2026-08-12,control,,,,,control,
SMR,2024-09-16,control,,,,,control,
SMR,2024-12-11,control,,,,,control,
SMR,2026-07-23,control,,,,,control,
SMR,2025-08-18,control,,,,,control,
SMR,2025-08-11,control,,,,,control,
SMR,2026-03-09,control,,,,,control,
SMR,2026-06-01,control,,,,,control,
SMR,2026-06-30,control,,,,,control,
SMR,2025-07-25,control,,,,,control,
SOUN,2025-10-27,control,,,,,control,
SOUN,2026-07-17,control,,,,,control,
SOUN,2026-10-07,control,,,,,control,
SOUN,2025-06-17,control,,,,,control,
SOUN,2026-04-09,control,,,,,control,
SOUN,2025-09-04,control,,,,,control,
SOUN,2026-09-04,control,,,,,control,
SOUN,2025-02-12,control,,,,,control,
SOUN,2024-08-27,control,,,,,control,
SOUN,2025-12-01,control,,,,,control,
SOUN,2026-06-11,control,,,,,control,
SOUN,2026-02-27,control,,,,,control,
SOUN,2026-09-03,control,,,,,control,
SOUN,2025-11-20,control,,,,,control,
SOUN,2024-02-23,control,,,,,control,
SOUN,2025-12-05,control,,,,,control,
SOUN,2025-12-18,control,,,,,control,
SOUN,2026-08-20,control,,,,,control,
SOUN,2025-06-20,control,,,,,control,
SOUN,2026-07-10,control,,,,,control,
SOUN,2026-09-28,control,,,,,control,
SOUN,2026-08-14,control,,,,,control,
SOUN,2026-03-03,control,,,,,control,
SOUN,2026-01-21,control,,,,,control,
SOUN,2026-10-01,control,,,,,control,
SOUN,2026-04-06,control,,,,,control,
SOUN,2026-01-08,control,,,,,control,
SOUN,2025-09-02,control,,,,,control,
SOUN,2025-10-23,control,,,,,control,
SOUN,2025-10-20,control,,,,,control,
SOUN,2026-06-08,control,,,,,control,
SOUN,2024-06-10,control,,,,,control,
SOUN,2026-01-06,control,,,,,control,
SOUN,2026-08-03,control,,,,,control,
SOUN,2026-04-08,control,,,,,control,
SOUN,2026-04-10,control,,,,,control,
SOUN,2025-06-23,control,,,,,control,
SOUN,2026-08-26,control,,,,,control,
SOUN,2024-06-04,control,,,,,control,
SOUN,2024-10-11,control,,,,,control,
SOUN,2026-09-01,control,,,,,control,
SOUN,2026-01-16,control,,,,,control,
SOUN,2024-09-24,control,,,,,control,
SOUN,2026-07-07,control,,,,,control,
SOUN,2026-09-18,control,,,,,control,
SOUN,2024-04-09,control,,,,,control,
SOUN,2025-06-13,control,,,,,control,
SOUN,2026-06-04,control,,,,,control,
SOUN,2025-06-25,control,,,,,control,
SOUN,2024-08-30,control,,,,,control,
UPST,2025-09-26,control,,,,,control,
UPST,2026-07-27,control,,,,,control,
UPST,2024-12-31,control,,,,,control,
UPST,2025-05-19,control,,,,,control,
UPST,2026-02-26,control,,,,,control,
UPST,2026-05-04,control,,,,,control,
UPST,2025-07-18,control,,,,,control,
UPST,2026-03-24,control,,,,,control,
SOFI,2024-06-25,control,,,,,control,
SOFI,2025-09-26,control,,,,,control,
WULF,2026-09-04,control,,,,,control,
WULF,2026-04-22,control,,,,,control,
WULF,2026-09-09,control,,,,,control,
WULF,2025-12-30,control,,,,,control,
WULF,2025-09-15,control,,,,,control,
WULF,2025-07-18,control,,,,,control,
WULF,2026-03-20,control,,,,,control,
WULF,2026-05-14,control,,,,,control,
WULF,2026-06-12,control,,,,,control,
WULF,2025-12-05,control,,,,,control,
WULF,2026-09-22,control,,,,,control,
WULF,2026-01-06,control,,,,,control,
WULF,2024-04-15,control,,,,,control,
WULF,2026-03-18,control,,,,,control,
WULF,2024-05-07,control,,,,,control,
WULF,2025-03-17,control,,,,,control,
WULF,2026-03-24,control,,,,,control,
WULF,2026-04-28,control,,,,,control,
WULF,2025-06-03,control,,,,,control,
WULF,2025-02-12,control,,,,,control,
WULF,2026-06-03,control,,,,,control,
WULF,2024-05-17,control,,,,,control,
WULF,2025-10-06,control,,,,,control,
WULF,2024-07-22,control,,,,,control,
WULF,2026-09-25,control,,,,,control,
WULF,2026-03-25,control,,,,,control,
WULF,2026-05-11,control,,,,,control,
WULF,2026-08-19,control,,,,,control,
WULF,2025-10-08,control,,,,,control,
WULF,2024-11-21,control,,,,,control,
WULF,2026-05-01,control,,,,,control,
WULF,2025-06-11,control,,,,,control,
WULF,2024-04-11,control,,,,,control,
WULF,2024-04-17,control,,,,,control,
WULF,2025-07-23,control,,,,,control,
WULF,2024-05-01,control,,,,,control,
RKLB,2024-10-28,control,,,,,control,
RKLB,2025-04-28,control,,,,,control,
RKLB,2025-05-08,control,,,,,control,
RKLB,2025-07-08,control,,,,,control,
RKLB,2024-06-10,control,,,,,control,
RKLB,2024-09-12,control,,,,,control,
RKLB,2025-10-14,control,,,,,control,
RKLB,2025-06-13,control,,,,,control,
RKLB,2025-11-14,control,,,,,control,
RKLB,2026-05-28,control,,,,,control,
RKLB,2026-10-07,control,,,,,control,
RKLB,2024-07-11,control,,,,,control,
RKLB,2024-07-02,control,,,,,control,
RKLB,2024-07-08,control,,,,,control,
