ticker,date,put_call_ratio,put_call_alpaca,call_volume,put_volume,short_otm_call_volume,stock_close,stock_volume,source_put_call,source_price
WOLF,2026-09-18,0.34,0.492,3676,1807,434,25.59,3716168,alphavantage_historical,alphavantage_daily
WOLF,2026-09-21,,,,,,27.71,2685834,,alphavantage_daily
WOLF,2026-09-22,0.80,0.777,2789,2166,263,27.99,2713712,alphavantage_historical,alphavantage_daily
WOLF,2026-09-23,0.76,1.035,1291,1336,185,27.14,2265391,alphavantage_historical,alphavantage_daily
WOLF,2026-09-24,1.11,1.243,752,935,218,26.30,1748135,alphavantage_historical,alphavantage_daily
WOLF,2026-09-25,0.37,0.175,3979,698,758,27.57,1532849,alphavantage_historical,alphavantage_daily
WOLF,2026-09-28,0.05,0.163,4849,788,586,27.58,1579148,alphavantage_historical,alphavantage_daily
WOLF,2026-09-29,0.08,0.066,11653,773,425,28.13,2042971,alphavantage_historical,alphavantage_daily
WOLF,2026-09-30,0.15,0.143,17227,2462,296,28.13,4111030,alphavantage_historical,alphavantage_daily
WOLF,2026-10-01,0.20,0.202,9005,1820,499,31.17,3201529,alphavantage_historical,alphavantage_daily
WOLF,2026-10-02,0.12,0.097,31388,3046,11027,35.28,7349840,alphavantage_historical,alphavantage_daily
WOLF,2026-10-05,0.16,0.161,14999,2417,6256,33.53,3306322,alphavantage_historical,alphavantage_daily
WOLF,2026-10-06,0.34,0.3,5032,1508,950,31.83,2994802,alphavantage_historical,alphavantage_daily
WOLF,2026-10-07,0.44,0.336,3069,1031,733,31.40,5111098,alphavantage_realtime_after_close,alphavantage_daily
