ticker,completed
ACHR,2026-10-08
AFRM,2026-10-08
APLD,2026-10-08
ASTS,2026-10-08
BBAI,2026-10-08
BE,2026-10-08
BLNK,2026-10-08
CHPT,2026-10-08
CIFR,2026-10-08
CLSK,2026-10-08
CORZ,2026-10-08
FCEL,2026-10-08
HIMS,2026-10-08
IONQ,2026-10-08
IREN,2026-10-08
JOBY,2026-10-08
LCID,2026-10-08
LUNR,2026-10-08
MARA,2026-10-08
NNE,2026-10-08
OKLO,2026-10-08
OPEN,2026-10-08
PLUG,2026-10-08
QS,2026-10-08
QUBT,2026-10-08
RGTI,2026-10-08
RIOT,2026-10-08
RIVN,2026-10-08
RKLB,2026-10-08
RUN,2026-10-08
RXRX,2026-10-08
SLDP,2026-10-08
SMR,2026-10-08
SOUN,2026-10-08
UPST,2026-10-08
WOLF,2026-10-08
WULF,2026-10-08
